{"cameraMode":{"drawMode":0,"name":"Shaded","section":"Shading Mode"},"sceneLighting":true,"audioPlay":false,"sceneViewState":{"m_AlwaysRefresh":false,"showFog":true,"showSkybox":true,"showFlares":true,"showImageEffects":true,"showParticleSystems":true,"showVisualEffectGraphs":true,"m_FxEnabled":true},"in2DMode":false,"pivot":{"x":1024.8094482421875,"y":505.74847412109377,"z":239.2009735107422},"rotation":{"x":-0.06416439265012741,"y":-0.009882442653179169,"z":0.0006278606015257537,"w":-0.9979255795478821},"size":1128.8614501953125,"orthographic":false}